{
  "asOf": "2026-07-05T12:00:00-04:00",
  "gamesCompleted": 115,
  "nSims": 25000,
  "settings": {
    "hfaGlobal": 0.035,
    "useTeamHFA": true,
    "pythWeight": 0.55,
    "regressPrior": 28,
    "rosterChurn": 0.12,
    "dials": {},
    "forcedOutcomes": {},
    "lowellForce": null
  },
  "teams": {
    "VT": {
      "playoffPct": 0.9866,
      "titlePct": 0.31068,
      "seedPct": [
        0.66316,
        0.19936,
        0.08784,
        0.03624
      ],
      "expWins": 38.10048,
      "expLosses": 20.899520000000003,
      "winsP10": 33,
      "winsP90": 43
    },
    "WOR": {
      "playoffPct": 0.87324,
      "titlePct": 0.21128,
      "seedPct": [
        0.13864,
        0.31144,
        0.2572,
        0.16596
      ],
      "expWins": 33.37564,
      "expLosses": 26.624360000000003,
      "winsP10": 28,
      "winsP90": 38
    },
    "NB": {
      "playoffPct": 0.75536,
      "titlePct": 0.1352,
      "seedPct": [
        0.08356,
        0.2064,
        0.23504,
        0.23036
      ],
      "expWins": 31.58732,
      "expLosses": 28.41268,
      "winsP10": 26,
      "winsP90": 37
    },
    "NSH": {
      "playoffPct": 0.76972,
      "titlePct": 0.21556,
      "seedPct": [
        0.10248,
        0.20984,
        0.244,
        0.2134
      ],
      "expWins": 31.72688,
      "expLosses": 28.27312,
      "winsP10": 26,
      "winsP90": 37
    },
    "NOR": {
      "playoffPct": 0.33832,
      "titlePct": 0.06664,
      "seedPct": [
        0.00932,
        0.04636,
        0.10344,
        0.1792
      ],
      "expWins": 26.41332,
      "expLosses": 32.58668,
      "winsP10": 21,
      "winsP90": 32
    },
    "WF": {
      "playoffPct": 0.126,
      "titlePct": 0.02748,
      "seedPct": [
        0.00172,
        0.01324,
        0.03344,
        0.0776
      ],
      "expWins": 23.57816,
      "expLosses": 36.42184,
      "winsP10": 18,
      "winsP90": 29
    },
    "LOW": {
      "playoffPct": 0.15076,
      "titlePct": 0.03316,
      "seedPct": [
        0.00112,
        0.01336,
        0.03904,
        0.09724
      ],
      "expWins": 24.2182,
      "expLosses": 35.781800000000004,
      "winsP10": 19,
      "winsP90": 29
    }
  },
  "lowell": {
    "oddsByFinalWins": {
      "13": {
        "pct": 0,
        "sims": 10,
        "lowConfidence": true
      },
      "14": {
        "pct": 0,
        "sims": 42,
        "lowConfidence": true
      },
      "15": {
        "pct": 0,
        "sims": 123,
        "lowConfidence": false
      },
      "16": {
        "pct": 0,
        "sims": 257,
        "lowConfidence": false
      },
      "17": {
        "pct": 0,
        "sims": 499,
        "lowConfidence": false
      },
      "18": {
        "pct": 0,
        "sims": 764,
        "lowConfidence": false
      },
      "19": {
        "pct": 0,
        "sims": 1164,
        "lowConfidence": false
      },
      "20": {
        "pct": 0,
        "sims": 1490,
        "lowConfidence": false
      },
      "21": {
        "pct": 0,
        "sims": 1851,
        "lowConfidence": false
      },
      "22": {
        "pct": 0.00045433893684688776,
        "sims": 2201,
        "lowConfidence": false
      },
      "23": {
        "pct": 0,
        "sims": 2434,
        "lowConfidence": false
      },
      "24": {
        "pct": 0.0033195020746887966,
        "sims": 2410,
        "lowConfidence": false
      },
      "25": {
        "pct": 0.012658227848101266,
        "sims": 2449,
        "lowConfidence": false
      },
      "26": {
        "pct": 0.04885701479157328,
        "sims": 2231,
        "lowConfidence": false
      },
      "27": {
        "pct": 0.1678520625889047,
        "sims": 2109,
        "lowConfidence": false
      },
      "28": {
        "pct": 0.3552881570614313,
        "sims": 1579,
        "lowConfidence": false
      },
      "29": {
        "pct": 0.5751911639762107,
        "sims": 1177,
        "lowConfidence": false
      },
      "30": {
        "pct": 0.8384879725085911,
        "sims": 873,
        "lowConfidence": false
      },
      "31": {
        "pct": 0.9442622950819672,
        "sims": 610,
        "lowConfidence": false
      },
      "32": {
        "pct": 0.9803370786516854,
        "sims": 356,
        "lowConfidence": false
      },
      "33": {
        "pct": 1,
        "sims": 206,
        "lowConfidence": false
      },
      "34": {
        "pct": 1,
        "sims": 100,
        "lowConfidence": false
      },
      "35": {
        "pct": 1,
        "sims": 42,
        "lowConfidence": true
      },
      "36": {
        "pct": 1,
        "sims": 18,
        "lowConfidence": true
      },
      "37": {
        "pct": 1,
        "sims": 3,
        "lowConfidence": true
      },
      "38": {
        "pct": 1,
        "sims": 2,
        "lowConfidence": true
      }
    },
    "gameProbs": [
      {
        "date": "2026-07-06",
        "opp": "NSH",
        "homeAway": "away",
        "winProb": 0.3177592614644841,
        "leverage": 0.16143068241002134
      },
      {
        "date": "2026-07-07",
        "opp": "NB",
        "homeAway": "home",
        "winProb": 0.4805945058386688,
        "leverage": 0.15012642933754933
      },
      {
        "date": "2026-07-08",
        "opp": "WOR",
        "homeAway": "home",
        "winProb": 0.4488499463398708,
        "leverage": 0.1301206441686344
      },
      {
        "date": "2026-07-09",
        "opp": "NB",
        "homeAway": "home",
        "winProb": 0.4805945058386688,
        "leverage": 0.15178975747540913
      },
      {
        "date": "2026-07-11",
        "opp": "NSH",
        "homeAway": "home",
        "winProb": 0.4583618549046061,
        "leverage": 0.13469144262677024
      },
      {
        "date": "2026-07-12",
        "opp": "NOR",
        "homeAway": "home",
        "winProb": 0.5299251428313847,
        "leverage": 0.14441424073003023
      },
      {
        "date": "2026-07-13",
        "opp": "NOR",
        "homeAway": "away",
        "winProb": 0.44829104085403326,
        "leverage": 0.14383030303030303
      },
      {
        "date": "2026-07-14",
        "opp": "WF",
        "homeAway": "home",
        "winProb": 0.5607939610810465,
        "leverage": 0.1235674950228533
      },
      {
        "date": "2026-07-15",
        "opp": "NOR",
        "homeAway": "home",
        "winProb": 0.5299251428313847,
        "leverage": 0.13957411219763255
      },
      {
        "date": "2026-07-17",
        "opp": "NB",
        "homeAway": "away",
        "winProb": 0.42694843413767736,
        "leverage": 0.15434241967866758
      },
      {
        "date": "2026-07-18",
        "opp": "NOR",
        "homeAway": "away",
        "winProb": 0.44829104085403326,
        "leverage": 0.1490767566105809
      },
      {
        "date": "2026-07-23",
        "opp": "VT",
        "homeAway": "home",
        "winProb": 0.4292463612888454,
        "leverage": 0.11718782731096118
      },
      {
        "date": "2026-07-24",
        "opp": "NB",
        "homeAway": "away",
        "winProb": 0.42694843413767736,
        "leverage": 0.15891980921428958
      },
      {
        "date": "2026-07-26",
        "opp": "NOR",
        "homeAway": "away",
        "winProb": 0.44829104085403326,
        "leverage": 0.13958767667278352
      },
      {
        "date": "2026-07-27",
        "opp": "WOR",
        "homeAway": "home",
        "winProb": 0.4488499463398708,
        "leverage": 0.13667260216166854
      },
      {
        "date": "2026-07-28",
        "opp": "NOR",
        "homeAway": "home",
        "winProb": 0.5299251428313847,
        "leverage": 0.1357396307120743
      },
      {
        "date": "2026-07-29",
        "opp": "NSH",
        "homeAway": "home",
        "winProb": 0.4583618549046061,
        "leverage": 0.13346916943765985
      },
      {
        "date": "2026-07-31",
        "opp": "NB",
        "homeAway": "home",
        "winProb": 0.4805945058386688,