{
  "asOf": "2026-07-06T03:23:52.651Z",
  "gamesCompleted": 116,
  "nSims": 25000,
  "settings": {
    "hfaGlobal": 0.035,
    "useTeamHFA": true,
    "pythWeight": 0.55,
    "regressPrior": 90,
    "rosterChurn": 0.12,
    "dials": {},
    "forcedOutcomes": {},
    "lowellForce": null
  },
  "teams": {
    "LOW": {
      "playoffPct": 0.1792,
      "titlePct": 0.04844,
      "seedPct": [
        0.00344,
        0.01968,
        0.04888,
        0.1072
      ],
      "expWins": 24.8502,
      "expLosses": 35.1498,
      "winsP10": 20,
      "winsP90": 30
    },
    "NSH": {
      "playoffPct": 0.6968,
      "titlePct": 0.17952,
      "seedPct": [
        0.07968,
        0.17776,
        0.21964,
        0.21972
      ],
      "expWins": 30.6656,
      "expLosses": 29.3344,
      "winsP10": 25,
      "winsP90": 36
    },
    "NB": {
      "playoffPct": 0.7712,
      "titlePct": 0.16528,
      "seedPct": [
        0.12048,
        0.23044,
        0.2276,
        0.19268
      ],
      "expWins": 31.93536,
      "expLosses": 28.06464,
      "winsP10": 26,
      "winsP90": 37
    },
    "NOR": {
      "playoffPct": 0.34816,
      "titlePct": 0.0856,
      "seedPct": [
        0.01204,
        0.05316,
        0.11088,
        0.17208
      ],
      "expWins": 27.0494,
      "expLosses": 32.9506,
      "winsP10": 22,
      "winsP90": 32
    },
    "VT": {
      "playoffPct": 0.97916,
      "titlePct": 0.26676,
      "seedPct": [
        0.65028,
        0.20192,
        0.09008,
        0.03688
      ],
      "expWins": 37.977,
      "expLosses": 22.023000000000003,
      "winsP10": 33,
      "winsP90": 43
    },
    "WF": {
      "playoffPct": 0.1858,
      "titlePct": 0.0522,
      "seedPct": [
        0.00584,
        0.02388,
        0.05336,
        0.10272
      ],
      "expWins": 24.7968,
      "expLosses": 35.203199999999995,
      "winsP10": 19,
      "winsP90": 30
    },
    "WOR": {
      "playoffPct": 0.83968,
      "titlePct": 0.2022,
      "seedPct": [
        0.12824,
        0.29316,
        0.24956,
        0.16872
      ],
      "expWins": 32.72564,
      "expLosses": 27.27436,
      "winsP10": 28,
      "winsP90": 38
    }
  },
  "lowell": {
    "oddsByFinalWins": {
      "13": {
        "pct": 0,
        "sims": 5,
        "lowConfidence": true
      },
      "14": {
        "pct": 0,
        "sims": 37,
        "lowConfidence": true
      },
      "15": {
        "pct": 0,
        "sims": 97,
        "lowConfidence": true
      },
      "16": {
        "pct": 0,
        "sims": 164,
        "lowConfidence": false
      },
      "17": {
        "pct": 0,
        "sims": 343,
        "lowConfidence": false
      },
      "18": {
        "pct": 0,
        "sims": 584,
        "lowConfidence": false
      },
      "19": {
        "pct": 0,
        "sims": 925,
        "lowConfidence": false
      },
      "20": {
        "pct": 0,
        "sims": 1232,
        "lowConfidence": false
      },
      "21": {
        "pct": 0,
        "sims": 1657,
        "lowConfidence": false
      },
      "22": {
        "pct": 0,
        "sims": 1952,
        "lowConfidence": false
      },
      "23": {
        "pct": 0.0004418912947414936,
        "sims": 2263,
        "lowConfidence": false
      },
      "24": {
        "pct": 0.0004078303425774878,
        "sims": 2452,
        "lowConfidence": false
      },
      "25": {
        "pct": 0.007609130957148579,
        "sims": 2497,
        "lowConfidence": false
      },
      "26": {
        "pct": 0.034022394487510765,
        "sims": 2322,
        "lowConfidence": false
      },
      "27": {
        "pct": 0.11605873993368072,
        "sims": 2111,
        "lowConfidence": false
      },
      "28": {
        "pct": 0.3044408774745853,
        "sims": 1869,
        "lowConfidence": false
      },
      "29": {
        "pct": 0.5749665327978581,
        "sims": 1494,
        "lowConfidence": false
      },
      "30": {
        "pct": 0.785131459655485,
        "sims": 1103,
        "lowConfidence": false
      },
      "31": {
        "pct": 0.9376623376623376,
        "sims": 770,
        "lowConfidence": false
      },
      "32": {
        "pct": 0.9925512104283054,
        "sims": 537,
        "lowConfidence": false
      },
      "33": {
        "pct": 1,
        "sims": 286,
        "lowConfidence": false
      },
      "34": {
        "pct": 1,
        "sims": 194,
        "lowConfidence": false
      },
      "35": {
        "pct": 1,
        "sims": 64,
        "lowConfidence": true
      },
      "36": {
        "pct": 1,
        "sims": 29,
        "lowConfidence": true
      },
      "37": {
        "pct": 1,
        "sims": 11,
        "lowConfidence": true
      },
      "38": {
        "pct": 1,
        "sims": 2,
        "lowConfidence": true
      }
    },
    "gameProbs": [
      {
        "date": "2026-07-06",
        "opp": "NSH",
        "homeAway": "away",
        "winProb": 0.3978370549533419,
        "leverage": 0.1667597447702208
      },
      {
        "date": "2026-07-07",
        "opp": "NB",
        "homeAway": "home",
        "winProb": 0.49893762531446423,
        "leverage": 0.17169502064561587
      },
      {
        "date": "2026-07-08",
        "opp": "WOR",
        "homeAway": "home",
        "winProb": 0.4823884455537736,
        "leverage": 0.14708056415798323
      },
      {
        "date": "2026-07-09",
        "opp": "NB",
        "homeAway": "home",
        "winProb": 0.49893762531446423,
        "leverage": 0.16791805362986018
      },
      {
        "date": "2026-07-11",
        "opp": "NSH",
        "homeAway": "home",
        "winProb": 0.4876560323554879,
        "leverage": 0.15803670829511685
      },
      {
        "date": "2026-07-12",
        "opp": "NOR",
        "homeAway": "home",
        "winProb": 0.5283780567766404,
        "leverage": 0.15423693782270326
      },
      {
        "date": "2026-07-13",
        "opp": "NOR",
        "homeAway": "away",
        "winProb": 0.4539420248779218,
        "leverage": 0.15898810644255224
      },
      {
        "date": "2026-07-14",
        "opp": "WF",
        "homeAway": "home",
        "winProb": 0.5389198454431593,
        "leverage": 0.15179415695442777
      },
      {
        "date": "2026-07-15",
        "opp": "NOR",
        "homeAway": "home",
        "winProb": 0.5283780567766404,
        "leverage": 0.15590692020289415
      },
      {
        "date": "2026-07-17",
        "opp": "NB",
        "homeAway": "away",
        "winProb": 0.43321503345448686,
        "leverage": 0.17016493217535128
      },
      {
        "date": "2026-07-18",
        "opp": "NOR",
        "homeAway": "away",
        "winProb": 0.4539420248779218,
        "leverage": 0.17573247694605154
      },
      {
        "date": "2026-07-23",
        "opp": "VT",
        "homeAway": "home",
        "winProb": 0.4682599443740948,
        "leverage": 0.1321855111495856
      },
      {
        "date": "2026-07-24",
        "opp": "NB",
        "homeAway": "away",
        "winProb": 0.43321503345448686,
        "leverage": 0.16372714934961027
      },
      {
        "date": "2026-07-26",
        "opp": "NOR",
        "homeAway": "away",
        "winProb": 0.4539420248779218,
        "leverage": 0.1607328418376207
      },
      {
        "date": "2026-07-27",
        "opp": "WOR",
        "homeAway": "home",
        "winProb": 0.4823884455537736,
        "leverage": 0.15195344926601578
      },
      {
        "date": "2026-07-28",
        "opp": "NOR",
        "homeAway": "home",
        "winProb": 0.5283780567766404,
        "leverage": 0.15661922488545346
      },
      {
        "date": "2026-07-29",
        "opp": "NSH",
        "homeAway": "home",
        "winProb": 0.4876560323554879,
        "leverage": 0.14714145528356926
      },
      {
        "date": "2026-07-31",
        "opp": "NB",
        "homeAway": "home",
        "winProb": 0.49893762531446423,