{
  "asOf": "2026-07-09T04:08:20.763Z",
  "gamesCompleted": 121,
  "nSims": 25000,
  "settings": {
    "hfaGlobal": 0.035,
    "useTeamHFA": true,
    "pythWeight": 0.55,
    "regressPrior": 90,
    "rosterChurn": 0.12,
    "dials": {},
    "forcedOutcomes": {},
    "lowellForce": null
  },
  "teams": {
    "LOW": {
      "playoffPct": 0.19904,
      "titlePct": 0.05284,
      "seedPct": [
        0.00124,
        0.01908,
        0.05792,
        0.1208
      ],
      "expWins": 25.1474,
      "expLosses": 34.852599999999995,
      "winsP10": 20,
      "winsP90": 30
    },
    "NSH": {
      "playoffPct": 0.68856,
      "titlePct": 0.16928,
      "seedPct": [
        0.02516,
        0.17532,
        0.24548,
        0.2426
      ],
      "expWins": 30.01668,
      "expLosses": 29.98332,
      "winsP10": 25,
      "winsP90": 35
    },
    "NB": {
      "playoffPct": 0.78692,
      "titlePct": 0.16212,
      "seedPct": [
        0.08336,
        0.27352,
        0.2472,
        0.18284
      ],
      "expWins": 31.92368,
      "expLosses": 28.07632,
      "winsP10": 26,
      "winsP90": 37
    },
    "NOR": {
      "playoffPct": 0.324,
      "titlePct": 0.07444,
      "seedPct": [
        0.00304,
        0.05112,
        0.10356,
        0.16628
      ],
      "expWins": 26.47808,
      "expLosses": 33.52192,
      "winsP10": 21,
      "winsP90": 32
    },
    "VT": {
      "playoffPct": 0.99756,
      "titlePct": 0.2988,
      "seedPct": [
        0.8178,
        0.135,
        0.03576,
        0.009
      ],
      "expWins": 39.92456,
      "expLosses": 20.07544,
      "winsP10": 35,
      "winsP90": 45
    },
    "WF": {
      "playoffPct": 0.16784,
      "titlePct": 0.04088,
      "seedPct": [
        0.00152,
        0.01916,
        0.04828,
        0.09888
      ],
      "expWins": 24.22388,
      "expLosses": 35.77612,
      "winsP10": 19,
      "winsP90": 30
    },
    "WOR": {
      "playoffPct": 0.83608,
      "titlePct": 0.20164,
      "seedPct": [
        0.06788,
        0.3268,
        0.2618,
        0.1796
      ],
      "expWins": 32.28572,
      "expLosses": 27.714280000000002,
      "winsP10": 27,
      "winsP90": 37
    }
  },
  "lowell": {
    "oddsByFinalWins": {
      "14": {
        "pct": 0,
        "sims": 10,
        "lowConfidence": true
      },
      "15": {
        "pct": 0,
        "sims": 26,
        "lowConfidence": true
      },
      "16": {
        "pct": 0,
        "sims": 110,
        "lowConfidence": false
      },
      "17": {
        "pct": 0,
        "sims": 201,
        "lowConfidence": false
      },
      "18": {
        "pct": 0,
        "sims": 452,
        "lowConfidence": false
      },
      "19": {
        "pct": 0,
        "sims": 720,
        "lowConfidence": false
      },
      "20": {
        "pct": 0,
        "sims": 1149,
        "lowConfidence": false
      },
      "21": {
        "pct": 0,
        "sims": 1503,
        "lowConfidence": false
      },
      "22": {
        "pct": 0,
        "sims": 1946,
        "lowConfidence": false
      },
      "23": {
        "pct": 0,
        "sims": 2243,
        "lowConfidence": false
      },
      "24": {
        "pct": 0.0008041817450743868,
        "sims": 2487,
        "lowConfidence": false
      },
      "25": {
        "pct": 0.006880733944954129,
        "sims": 2616,
        "lowConfidence": false
      },
      "26": {
        "pct": 0.04236939531057178,
        "sims": 2431,
        "lowConfidence": false
      },
      "27": {
        "pct": 0.15200330441966128,
        "sims": 2421,
        "lowConfidence": false
      },
      "28": {
        "pct": 0.34686888454011744,
        "sims": 2044,
        "lowConfidence": false
      },
      "29": {
        "pct": 0.609143593045718,
        "sims": 1553,
        "lowConfidence": false
      },
      "30": {
        "pct": 0.8355048859934854,
        "sims": 1228,
        "lowConfidence": false
      },
      "31": {
        "pct": 0.9392523364485982,
        "sims": 856,
        "lowConfidence": false
      },
      "32": {
        "pct": 0.9920318725099602,
        "sims": 502,
        "lowConfidence": false
      },
      "33": {
        "pct": 1,
        "sims": 305,
        "lowConfidence": false
      },
      "34": {
        "pct": 1,
        "sims": 128,
        "lowConfidence": false
      },
      "35": {
        "pct": 1,
        "sims": 53,
        "lowConfidence": true
      },
      "36": {
        "pct": 1,
        "sims": 16,
        "lowConfidence": true
      }
    },
    "gameProbs": [
      {
        "date": "2026-07-09",
        "opp": "NB",
        "homeAway": "home",
        "winProb": 0.5119352675800776,
        "leverage": 0.07544
      },
      {
        "date": "2026-07-09",
        "opp": "NB",
        "homeAway": "home",
        "winProb": 0.5119352675800776,
        "leverage": 0.07416
      },
      {
        "date": "2026-07-11",
        "opp": "NSH",
        "homeAway": "home",
        "winProb": 0.5034828638242267,
        "leverage": 0.0726
      },
      {
        "date": "2026-07-12",
        "opp": "NOR",
        "homeAway": "home",
        "winProb": 0.5481275290293746,
        "leverage": 0.06908
      },
      {
        "date": "2026-07-13",
        "opp": "NOR",
        "homeAway": "away",
        "winProb": 0.46996184691006415,
        "leverage": 0.07336
      },
      {
        "date": "2026-07-14",
        "opp": "WF",
        "homeAway": "home",
        "winProb": 0.571846535663863,
        "leverage": 0.06836
      },
      {
        "date": "2026-07-15",
        "opp": "NOR",
        "homeAway": "home",
        "winProb": 0.5481275290293746,
        "leverage": 0.0698
      },
      {
        "date": "2026-07-17",
        "opp": "NB",
        "homeAway": "away",
        "winProb": 0.44339111428184874,
        "leverage": 0.07532
      },
      {
        "date": "2026-07-18",
        "opp": "NOR",
        "homeAway": "away",
        "winProb": 0.46996184691006415,
        "leverage": 0.0718
      },
      {
        "date": "2026-07-23",
        "opp": "VT",
        "homeAway": "home",
        "winProb": 0.4606414240217407,
        "leverage": 0.05788
      },
      {
        "date": "2026-07-24",
        "opp": "NB",
        "homeAway": "away",
        "winProb": 0.44339111428184874,
        "leverage": 0.07604
      },
      {
        "date": "2026-07-26",
        "opp": "NOR",
        "homeAway": "away",
        "winProb": 0.46996184691006415,
        "leverage": 0.07136
      },
      {
        "date": "2026-07-27",
        "opp": "WOR",
        "homeAway": "home",
        "winProb": 0.4937698556187577,
        "leverage": 0.0724
      },
      {
        "date": "2026-07-28",
        "opp": "NOR",
        "homeAway": "home",
        "winProb": 0.5481275290293746,
        "leverage": 0.07036
      },
      {
        "date": "2026-07-29",
        "opp": "NSH",
        "homeAway": "home",
        "winProb": 0.5034828638242267,
        "leverage": 0.07028
      },
      {
        "date": "2026-07-31",
        "opp": "NB",
        "homeAway": "home",
        "winProb": 0.5119352675800776,
        "leverage": 0.07292
      },
      {
        "date": "2026-08-01",
        "opp": "WF",
        "homeAway": "home",
        "winProb": 0.571846535663863,
        "leverage": 0.068
      },
      {
        "date": "2026-08-02",
        "opp": "VT",
        "homeAway": "away",
        "winProb": 0.3727962164400357,
        "leverage": 0.06024
      },
      {
        "date": "2026-08-03",
        "opp": "VT",
        "homeAway": "away",
        "winProb": 0.3727962164400357,
        "leverage": 0.06092
      },
      {
        "date": "2026-08-04",
        "opp": "VT",
        "homeAway": "away",
        "winProb": 0.3727962164400357,
        "leverage": 0.058
      },
      {
        "date": "2026-08-05",
        "opp": "WOR",
        "homeAway": "home",
        "winProb": 0.4937698556187577,