{
  "asOf": "2026-07-06T03:44:49.665Z",
  "gamesCompleted": 116,
  "nSims": 25000,
  "settings": {
    "hfaGlobal": 0.035,
    "useTeamHFA": true,
    "pythWeight": 0.55,
    "regressPrior": 90,
    "rosterChurn": 0.12,
    "dials": {},
    "forcedOutcomes": {},
    "lowellForce": null
  },
  "teams": {
    "LOW": {
      "playoffPct": 0.20196,
      "titlePct": 0.05744,
      "seedPct": [
        0.0038,
        0.02408,
        0.05768,
        0.1164
      ],
      "expWins": 25.15396,
      "expLosses": 34.84604,
      "winsP10": 20,
      "winsP90": 30
    },
    "NSH": {
      "playoffPct": 0.69824,
      "titlePct": 0.18224,
      "seedPct": [
        0.07764,
        0.18056,
        0.22272,
        0.21732
      ],
      "expWins": 30.69708,
      "expLosses": 29.30292,
      "winsP10": 25,
      "winsP90": 36
    },
    "NB": {
      "playoffPct": 0.77588,
      "titlePct": 0.16708,
      "seedPct": [
        0.11916,
        0.23228,
        0.22944,
        0.195
      ],
      "expWins": 31.94848,
      "expLosses": 28.05152,
      "winsP10": 26,
      "winsP90": 37
    },
    "NOR": {
      "playoffPct": 0.34004,
      "titlePct": 0.07812,
      "seedPct": [
        0.01092,
        0.05376,
        0.10732,
        0.16804
      ],
      "expWins": 26.93508,
      "expLosses": 33.06492,
      "winsP10": 22,
      "winsP90": 32
    },
    "VT": {
      "playoffPct": 0.9788,
      "titlePct": 0.26448,
      "seedPct": [
        0.65812,
        0.19524,
        0.08836,
        0.03708
      ],
      "expWins": 38.00428,
      "expLosses": 21.99572,
      "winsP10": 33,
      "winsP90": 43
    },
    "WF": {
      "playoffPct": 0.17124,
      "titlePct": 0.04532,
      "seedPct": [
        0.00556,
        0.01916,
        0.05072,
        0.0958
      ],
      "expWins": 24.56436,
      "expLosses": 35.43564,
      "winsP10": 19,
      "winsP90": 30
    },
    "WOR": {
      "playoffPct": 0.83384,
      "titlePct": 0.20532,
      "seedPct": [
        0.1248,
        0.29492,
        0.24376,
        0.17036
      ],
      "expWins": 32.69676,
      "expLosses": 27.303240000000002,
      "winsP10": 27,
      "winsP90": 38
    }
  },
  "lowell": {
    "oddsByFinalWins": {
      "13": {
        "pct": 0,
        "sims": 2,
        "lowConfidence": true
      },
      "14": {
        "pct": 0,
        "sims": 21,
        "lowConfidence": true
      },
      "15": {
        "pct": 0,
        "sims": 82,
        "lowConfidence": true
      },
      "16": {
        "pct": 0,
        "sims": 159,
        "lowConfidence": false
      },
      "17": {
        "pct": 0,
        "sims": 316,
        "lowConfidence": false
      },
      "18": {
        "pct": 0,
        "sims": 513,
        "lowConfidence": false
      },
      "19": {
        "pct": 0,
        "sims": 826,
        "lowConfidence": false
      },
      "20": {
        "pct": 0,
        "sims": 1121,
        "lowConfidence": false
      },
      "21": {
        "pct": 0,
        "sims": 1476,
        "lowConfidence": false
      },
      "22": {
        "pct": 0,
        "sims": 1848,
        "lowConfidence": false
      },
      "23": {
        "pct": 0,
        "sims": 2245,
        "lowConfidence": false
      },
      "24": {
        "pct": 0.0012825994014536127,
        "sims": 2339,
        "lowConfidence": false
      },
      "25": {
        "pct": 0.008617152236356175,
        "sims": 2437,
        "lowConfidence": false
      },
      "26": {
        "pct": 0.03865336658354115,
        "sims": 2406,
        "lowConfidence": false
      },
      "27": {
        "pct": 0.12411032028469751,
        "sims": 2248,
        "lowConfidence": false
      },
      "28": {
        "pct": 0.3121052631578947,
        "sims": 1900,
        "lowConfidence": false
      },
      "29": {
        "pct": 0.5736334405144694,
        "sims": 1555,
        "lowConfidence": false
      },
      "30": {
        "pct": 0.7886762360446571,
        "sims": 1254,
        "lowConfidence": false
      },
      "31": {
        "pct": 0.9251396648044693,
        "sims": 895,
        "lowConfidence": false
      },
      "32": {
        "pct": 0.9899665551839465,
        "sims": 598,
        "lowConfidence": false
      },
      "33": {
        "pct": 1,
        "sims": 402,
        "lowConfidence": false
      },
      "34": {
        "pct": 1,
        "sims": 209,
        "lowConfidence": false
      },
      "35": {
        "pct": 1,
        "sims": 86,
        "lowConfidence": true
      },
      "36": {
        "pct": 1,
        "sims": 42,
        "lowConfidence": true
      },
      "37": {
        "pct": 1,
        "sims": 15,
        "lowConfidence": true
      },
      "38": {
        "pct": 1,
        "sims": 5,
        "lowConfidence": true
      }
    },
    "gameProbs": [
      {
        "date": "2026-07-06",
        "opp": "NSH",
        "homeAway": "away",
        "winProb": 0.410607338944622,
        "leverage": 0.07104
      },
      {
        "date": "2026-07-07",
        "opp": "NB",
        "homeAway": "home",
        "winProb": 0.5135508609434023,
        "leverage": 0.07028
      },
      {
        "date": "2026-07-08",
        "opp": "WOR",
        "homeAway": "home",
        "winProb": 0.4937120311666529,
        "leverage": 0.06656
      },
      {
        "date": "2026-07-09",
        "opp": "NB",
        "homeAway": "home",
        "winProb": 0.5135508609434023,
        "leverage": 0.06944
      },
      {
        "date": "2026-07-11",
        "opp": "NSH",
        "homeAway": "home",
        "winProb": 0.500426316346768,
        "leverage": 0.06992
      },
      {
        "date": "2026-07-12",
        "opp": "NOR",
        "homeAway": "home",
        "winProb": 0.5471105616007229,
        "leverage": 0.06644
      },
      {
        "date": "2026-07-13",
        "opp": "NOR",
        "homeAway": "away",
        "winProb": 0.47267452970200463,
        "leverage": 0.06708
      },
      {
        "date": "2026-07-14",
        "opp": "WF",
        "homeAway": "home",
        "winProb": 0.5603515220266165,
        "leverage": 0.06544
      },
      {
        "date": "2026-07-15",
        "opp": "NOR",
        "homeAway": "home",
        "winProb": 0.5471105616007229,
        "leverage": 0.06596
      },
      {
        "date": "2026-07-17",
        "opp": "NB",
        "homeAway": "away",
        "winProb": 0.4478282690834252,
        "leverage": 0.07224
      },
      {
        "date": "2026-07-18",
        "opp": "NOR",
        "homeAway": "away",
        "winProb": 0.47267452970200463,
        "leverage": 0.0672
      },
      {
        "date": "2026-07-23",
        "opp": "VT",
        "homeAway": "home",
        "winProb": 0.4800896536713874,
        "leverage": 0.05604
      },
      {
        "date": "2026-07-24",
        "opp": "NB",
        "homeAway": "away",
        "winProb": 0.4478282690834252,
        "leverage": 0.07212
      },
      {
        "date": "2026-07-26",
        "opp": "NOR",
        "homeAway": "away",
        "winProb": 0.47267452970200463,
        "leverage": 0.06888
      },
      {
        "date": "2026-07-27",
        "opp": "WOR",
        "homeAway": "home",
        "winProb": 0.4937120311666529,
        "leverage": 0.06484
      },
      {
        "date": "2026-07-28",
        "opp": "NOR",
        "homeAway": "home",
        "winProb": 0.5471105616007229,
        "leverage": 0.0672
      },
      {
        "date": "2026-07-29",
        "opp": "NSH",
        "homeAway": "home",
        "winProb": 0.500426316346768,
        "leverage": 0.0708
      },
      {
        "date": "2026-07-31",
        "opp": "NB",
        "homeAway": "home",
        "winProb": 0.5135508609434023,
        "leverage": 0.06984
      },
      {
        "date": "2026-08-01",
        "opp": "WF",
        "homeAway": "home",
        "winProb": 0.5603515220266165,
        "leverage": 0.064
      },
      {
        "date": "2026-08-02",
        "opp": "VT",