{
  "asOf": "2026-07-06T03:44:49.665Z",
  "gamesCompleted": 116,
  "nSims": 25000,
  "settings": {
    "hfaGlobal": 0.035,
    "useTeamHFA": true,
    "pythWeight": 0.55,
    "regressPrior": 90,
    "rosterChurn": 0.12,
    "dials": {},
    "forcedOutcomes": {},
    "lowellForce": null
  },
  "teams": {
    "LOW": {
      "playoffPct": 0.19808,
      "titlePct": 0.05448,
      "seedPct": [
        0.0036,
        0.02312,
        0.05684,
        0.11452
      ],
      "expWins": 25.13984,
      "expLosses": 34.86016,
      "winsP10": 20,
      "winsP90": 30
    },
    "NSH": {
      "playoffPct": 0.7034,
      "titlePct": 0.18844,
      "seedPct": [
        0.08496,
        0.17864,
        0.22372,
        0.21608
      ],
      "expWins": 30.771,
      "expLosses": 29.229,
      "winsP10": 25,
      "winsP90": 36
    },
    "NB": {
      "playoffPct": 0.76804,
      "titlePct": 0.16564,
      "seedPct": [
        0.11856,
        0.22544,
        0.23008,
        0.19396
      ],
      "expWins": 31.88384,
      "expLosses": 28.11616,
      "winsP10": 26,
      "winsP90": 37
    },
    "NOR": {
      "playoffPct": 0.33952,
      "titlePct": 0.08032,
      "seedPct": [
        0.01188,
        0.05308,
        0.10664,
        0.16792
      ],
      "expWins": 26.9594,
      "expLosses": 33.0406,
      "winsP10": 22,
      "winsP90": 32
    },
    "VT": {
      "playoffPct": 0.97944,
      "titlePct": 0.2604,
      "seedPct": [
        0.64804,
        0.20376,
        0.08956,
        0.03808
      ],
      "expWins": 37.94148,
      "expLosses": 22.05852,
      "winsP10": 33,
      "winsP90": 43
    },
    "WF": {
      "playoffPct": 0.17504,
      "titlePct": 0.0476,
      "seedPct": [
        0.0052,
        0.02088,
        0.04972,
        0.09924
      ],
      "expWins": 24.60612,
      "expLosses": 35.393879999999996,
      "winsP10": 19,
      "winsP90": 30
    },
    "WOR": {
      "playoffPct": 0.83648,
      "titlePct": 0.20312,
      "seedPct": [
        0.12776,
        0.29508,
        0.24344,
        0.1702
      ],
      "expWins": 32.69832,
      "expLosses": 27.301679999999998,
      "winsP10": 28,
      "winsP90": 38
    }
  },
  "lowell": {
    "oddsByFinalWins": {
      "13": {
        "pct": 0,
        "sims": 1,
        "lowConfidence": true
      },
      "14": {
        "pct": 0,
        "sims": 26,
        "lowConfidence": true
      },
      "15": {
        "pct": 0,
        "sims": 88,
        "lowConfidence": true
      },
      "16": {
        "pct": 0,
        "sims": 162,
        "lowConfidence": false
      },
      "17": {
        "pct": 0,
        "sims": 277,
        "lowConfidence": false
      },
      "18": {
        "pct": 0,
        "sims": 510,
        "lowConfidence": false
      },
      "19": {
        "pct": 0,
        "sims": 799,
        "lowConfidence": false
      },
      "20": {
        "pct": 0,
        "sims": 1168,
        "lowConfidence": false
      },
      "21": {
        "pct": 0,
        "sims": 1534,
        "lowConfidence": false
      },
      "22": {
        "pct": 0,
        "sims": 1862,
        "lowConfidence": false
      },
      "23": {
        "pct": 0,
        "sims": 2190,
        "lowConfidence": false
      },
      "24": {
        "pct": 0,
        "sims": 2471,
        "lowConfidence": false
      },
      "25": {
        "pct": 0.010300429184549357,
        "sims": 2330,
        "lowConfidence": false
      },
      "26": {
        "pct": 0.03595317725752508,
        "sims": 2392,
        "lowConfidence": false
      },
      "27": {
        "pct": 0.11914696337505795,
        "sims": 2157,
        "lowConfidence": false
      },
      "28": {
        "pct": 0.2956989247311828,
        "sims": 2046,
        "lowConfidence": false
      },
      "29": {
        "pct": 0.5640535372848948,
        "sims": 1569,
        "lowConfidence": false
      },
      "30": {
        "pct": 0.7910447761194029,
        "sims": 1206,
        "lowConfidence": false
      },
      "31": {
        "pct": 0.9270588235294117,
        "sims": 850,
        "lowConfidence": false
      },
      "32": {
        "pct": 0.9869918699186991,
        "sims": 615,
        "lowConfidence": false
      },
      "33": {
        "pct": 0.9973333333333333,
        "sims": 375,
        "lowConfidence": false
      },
      "34": {
        "pct": 1,
        "sims": 220,
        "lowConfidence": false
      },
      "35": {
        "pct": 1,
        "sims": 98,
        "lowConfidence": true
      },
      "36": {
        "pct": 1,
        "sims": 39,
        "lowConfidence": true
      },
      "37": {
        "pct": 1,
        "sims": 14,
        "lowConfidence": true
      },
      "38": {
        "pct": 1,
        "sims": 1,
        "lowConfidence": true
      }
    },
    "gameProbs": [
      {
        "date": "2026-07-06",
        "opp": "NSH",
        "homeAway": "away",
        "winProb": 0.410607338944622,
        "leverage": 0.16879188228462574
      },
      {
        "date": "2026-07-07",
        "opp": "NB",
        "homeAway": "home",
        "winProb": 0.5135508609434023,
        "leverage": 0.18250490571047323
      },
      {
        "date": "2026-07-08",
        "opp": "WOR",
        "homeAway": "home",
        "winProb": 0.4937120311666529,
        "leverage": 0.15694341774558046
      },
      {
        "date": "2026-07-09",
        "opp": "NB",
        "homeAway": "home",
        "winProb": 0.5135508609434023,
        "leverage": 0.17217472125812283
      },
      {
        "date": "2026-07-11",
        "opp": "NSH",
        "homeAway": "home",
        "winProb": 0.500426316346768,
        "leverage": 0.1590293404604463
      },
      {
        "date": "2026-07-12",
        "opp": "NOR",
        "homeAway": "home",
        "winProb": 0.5471105616007229,
        "leverage": 0.17577929165410766
      },
      {
        "date": "2026-07-13",
        "opp": "NOR",
        "homeAway": "away",
        "winProb": 0.47267452970200463,
        "leverage": 0.1688105746138391
      },
      {
        "date": "2026-07-14",
        "opp": "WF",
        "homeAway": "home",
        "winProb": 0.5603515220266165,
        "leverage": 0.14562288996818823
      },
      {
        "date": "2026-07-15",
        "opp": "NOR",
        "homeAway": "home",
        "winProb": 0.5471105616007229,
        "leverage": 0.17279754439911837
      },
      {
        "date": "2026-07-17",
        "opp": "NB",
        "homeAway": "away",
        "winProb": 0.4478282690834252,
        "leverage": 0.187999219655979
      },
      {
        "date": "2026-07-18",
        "opp": "NOR",
        "homeAway": "away",
        "winProb": 0.47267452970200463,
        "leverage": 0.17878330117549404
      },
      {
        "date": "2026-07-23",
        "opp": "VT",
        "homeAway": "home",
        "winProb": 0.4800896536713874,
        "leverage": 0.1416079287009374
      },
      {
        "date": "2026-07-24",
        "opp": "NB",
        "homeAway": "away",
        "winProb": 0.4478282690834252,
        "leverage": 0.18675455742229063
      },
      {
        "date": "2026-07-26",
        "opp": "NOR",
        "homeAway": "away",
        "winProb": 0.47267452970200463,
        "leverage": 0.18027887227105605
      },
      {
        "date": "2026-07-27",
        "opp": "WOR",
        "homeAway": "home",
        "winProb": 0.4937120311666529,
        "leverage": 0.15906345510387426
      },
      {
        "date": "2026-07-28",
        "opp": "NOR",
        "homeAway": "home",
        "winProb": 0.5471105616007229,
        "leverage": 0.16925027633828066
      },
      {
        "date": "2026-07-29",
        "opp": "NSH",
        "homeAway": "home",
        "winProb": 0.500426316346768,
        "leverage": 0.16306005284262304
      },
      {
        "date": "2026-07-31",
        "opp": "NB",
        "homeAway": "home",
        "winProb": 0.5135508609434023,