{
  "asOf": "2026-07-12T22:00:00.000Z",
  "gamesCompleted": 134,
  "nSims": 25000,
  "settings": {
    "hfaGlobal": 0.035,
    "useTeamHFA": true,
    "pythWeight": 0.55,
    "regressPrior": 90,
    "rosterChurn": 0.12,
    "dials": {},
    "forcedOutcomes": {},
    "lowellForce": null
  },
  "teams": {
    "LOW": {
      "playoffPct": 0.16008,
      "titlePct": 0.04436,
      "seedPct": [
        0.0002,
        0.01044,
        0.04248,
        0.10696
      ],
      "expWins": 25.03712,
      "expLosses": 34.96288,
      "winsP10": 21,
      "winsP90": 29
    },
    "NSH": {
      "playoffPct": 0.73276,
      "titlePct": 0.1792,
      "seedPct": [
        0.0132,
        0.22508,
        0.27632,
        0.21816
      ],
      "expWins": 30.41732,
      "expLosses": 29.58268,
      "winsP10": 26,
      "winsP90": 35
    },
    "NB": {
      "playoffPct": 0.86936,
      "titlePct": 0.18184,
      "seedPct": [
        0.06728,
        0.41424,
        0.23528,
        0.15256
      ],
      "expWins": 32.70744,
      "expLosses": 27.29256,
      "winsP10": 28,
      "winsP90": 37
    },
    "NOR": {
      "playoffPct": 0.46416,
      "titlePct": 0.10904,
      "seedPct": [
        0.0022,
        0.0878,
        0.16336,
        0.2108
      ],
      "expWins": 28.083,
      "expLosses": 31.917,
      "winsP10": 24,
      "winsP90": 33
    },
    "VT": {
      "playoffPct": 0.99972,
      "titlePct": 0.30572,
      "seedPct": [
        0.90968,
        0.07824,
        0.01072,
        0.00108
      ],
      "expWins": 41.14268,
      "expLosses": 18.85732,
      "winsP10": 37,
      "winsP90": 45
    },
    "WF": {
      "playoffPct": 0.09316,
      "titlePct": 0.02444,
      "seedPct": [
        0,
        0.00788,
        0.02824,
        0.05704
      ],
      "expWins": 22.77132,
      "expLosses": 37.22868,
      "winsP10": 18,
      "winsP90": 28
    },
    "WOR": {
      "playoffPct": 0.68076,
      "titlePct": 0.1554,
      "seedPct": [
        0.00744,
        0.17632,
        0.2436,
        0.2534
      ],
      "expWins": 29.84112,
      "expLosses": 30.15888,
      "winsP10": 25,
      "winsP90": 34
    }
  },
  "lowell": {
    "oddsByFinalWins": {
      "16": {
        "pct": 0,
        "sims": 17,
        "lowConfidence": true
      },
      "17": {
        "pct": 0,
        "sims": 88,
        "lowConfidence": true
      },
      "18": {
        "pct": 0,
        "sims": 232,
        "lowConfidence": false
      },
      "19": {
        "pct": 0,
        "sims": 532,
        "lowConfidence": false
      },
      "20": {
        "pct": 0,
        "sims": 994,
        "lowConfidence": false
      },
      "21": {
        "pct": 0,
        "sims": 1508,
        "lowConfidence": false
      },
      "22": {
        "pct": 0,
        "sims": 2000,
        "lowConfidence": false
      },
      "23": {
        "pct": 0,
        "sims": 2590,
        "lowConfidence": false
      },
      "24": {
        "pct": 0.0003402517863218782,
        "sims": 2939,
        "lowConfidence": false
      },
      "25": {
        "pct": 0.0088379705400982,
        "sims": 3055,
        "lowConfidence": false
      },
      "26": {
        "pct": 0.040172642762284196,
        "sims": 3012,
        "lowConfidence": false
      },
      "27": {
        "pct": 0.15085351329892815,
        "sims": 2519,
        "lowConfidence": false
      },
      "28": {
        "pct": 0.3609979633401222,
        "sims": 1964,
        "lowConfidence": false
      },
      "29": {
        "pct": 0.6316120906801007,
        "sims": 1588,
        "lowConfidence": false
      },
      "30": {
        "pct": 0.8296812749003984,
        "sims": 1004,
        "lowConfidence": false
      },
      "31": {
        "pct": 0.9461538461538461,
        "sims": 520,
        "lowConfidence": false
      },
      "32": {
        "pct": 0.9963369963369964,
        "sims": 273,
        "lowConfidence": false
      },
      "33": {
        "pct": 0.9914529914529915,
        "sims": 117,
        "lowConfidence": false
      },
      "34": {
        "pct": 1,
        "sims": 39,
        "lowConfidence": true
      },
      "35": {
        "pct": 1,
        "sims": 9,
        "lowConfidence": true
      }
    },
    "gameProbs": [
      {
        "date": "2026-07-13",
        "opp": "NOR",
        "homeAway": "away",
        "winProb": 0.45042135873865385,
        "leverage": 0.07504
      },
      {
        "date": "2026-07-14",
        "opp": "WF",
        "homeAway": "home",
        "winProb": 0.5889375449011331,
        "leverage": 0.06612
      },
      {
        "date": "2026-07-15",
        "opp": "NOR",
        "homeAway": "home",
        "winProb": 0.5328214082522,
        "leverage": 0.07344
      },
      {
        "date": "2026-07-17",
        "opp": "NB",
        "homeAway": "away",
        "winProb": 0.43389284552126406,
        "leverage": 0.06956
      },
      {
        "date": "2026-07-18",
        "opp": "NOR",
        "homeAway": "away",
        "winProb": 0.45042135873865385,
        "leverage": 0.07144
      },
      {
        "date": "2026-07-23",
        "opp": "VT",
        "homeAway": "home",
        "winProb": 0.4567240196617753,
        "leverage": 0.05708
      },
      {
        "date": "2026-07-24",
        "opp": "NB",
        "homeAway": "away",
        "winProb": 0.43389284552126406,
        "leverage": 0.0718
      },
      {
        "date": "2026-07-26",
        "opp": "NOR",
        "homeAway": "away",
        "winProb": 0.45042135873865385,
        "leverage": 0.0742
      },
      {
        "date": "2026-07-27",
        "opp": "WOR",
        "homeAway": "home",
        "winProb": 0.5110339934160915,
        "leverage": 0.08136
      },
      {
        "date": "2026-07-28",
        "opp": "NOR",
        "homeAway": "home",
        "winProb": 0.5328214082522,
        "leverage": 0.07424
      },
      {
        "date": "2026-07-29",
        "opp": "NSH",
        "homeAway": "home",
        "winProb": 0.5020238640050385,
        "leverage": 0.06744
      },
      {
        "date": "2026-07-31",
        "opp": "NB",
        "homeAway": "home",
        "winProb": 0.5047437634008812,
        "leverage": 0.07024
      },
      {
        "date": "2026-08-01",
        "opp": "WF",
        "homeAway": "home",
        "winProb": 0.5889375449011331,
        "leverage": 0.06588
      },
      {
        "date": "2026-08-02",
        "opp": "VT",
        "homeAway": "away",
        "winProb": 0.366364548595431,
        "leverage": 0.05744
      },
      {
        "date": "2026-08-03",
        "opp": "VT",
        "homeAway": "away",
        "winProb": 0.366364548595431,
        "leverage": 0.0594
      },
      {
        "date": "2026-08-04",
        "opp": "VT",
        "homeAway": "away",
        "winProb": 0.366364548595431,
        "leverage": 0.05924
      },
      {
        "date": "2026-08-05",
        "opp": "WOR",
        "homeAway": "home",
        "winProb": 0.5110339934160915,
        "leverage": 0.0836
      },
      {
        "date": "2026-08-07",
        "opp": "NB",
        "homeAway": "home",
        "winProb": 0.5047437634008812,
        "leverage": 0.06916
      },
      {
        "date": "2026-08-08",
        "opp": "WOR",
        "homeAway": "away",
        "winProb": 0.42612803415206324,
        "leverage": 0.08424
      }
    ]
  }
}
