{
  "asOf": "2026-07-05T12:00:00-04:00",
  "gamesCompleted": 115,
  "nSims": 25000,
  "settings": {
    "hfaGlobal": 0.035,
    "useTeamHFA": true,
    "dials": {},
    "forcedOutcomes": {},
    "lowellForce": null
  },
  "teams": {
    "VT": {
      "playoffPct": 0.99996,
      "titlePct": 0.36008,
      "seedPct": [
        0.86248,
        0.10604,
        0.02704,
        0.0044
      ],
      "expWins": 38.63412,
      "expLosses": 20.365879999999997,
      "winsP10": 35,
      "winsP90": 42
    },
    "WOR": {
      "playoffPct": 0.98312,
      "titlePct": 0.24904,
      "seedPct": [
        0.08276,
        0.46668,
        0.2944,
        0.13928
      ],
      "expWins": 34.2088,
      "expLosses": 25.791200000000003,
      "winsP10": 31,
      "winsP90": 37
    },
    "NB": {
      "playoffPct": 0.88852,
      "titlePct": 0.11504,
      "seedPct": [
        0.01624,
        0.15024,
        0.27964,
        0.4424
      ],
      "expWins": 31.50616,
      "expLosses": 28.49384,
      "winsP10": 28,
      "winsP90": 35
    },
    "NSH": {
      "playoffPct": 0.95016,
      "titlePct": 0.26056,
      "seedPct": [
        0.03848,
        0.27276,
        0.36984,
        0.26908
      ],
      "expWins": 32.72184,
      "expLosses": 27.27816,
      "winsP10": 29,
      "winsP90": 36
    },
    "NOR": {
      "playoffPct": 0.14688,
      "titlePct": 0.01336,
      "seedPct": [
        0.00004,
        0.00384,
        0.0264,
        0.1166
      ],
      "expWins": 26.08872,
      "expLosses": 32.911280000000005,
      "winsP10": 23,
      "winsP90": 29
    },
    "WF": {
      "playoffPct": 0.01052,
      "titlePct": 0.00068,
      "seedPct": [
        0,
        0.00016,
        0.0008,
        0.00956
      ],
      "expWins": 22.54748,
      "expLosses": 37.45252,
      "winsP10": 19,
      "winsP90": 26
    },
    "LOW": {
      "playoffPct": 0.02084,
      "titlePct": 0.00124,
      "seedPct": [
        0,
        0.00028,
        0.00188,
        0.01868
      ],
      "expWins": 23.29288,
      "expLosses": 36.70712,
      "winsP10": 20,
      "winsP90": 26
    }
  },
  "lowell": {
    "oddsByFinalWins": {
      "14": {
        "pct": 0,
        "sims": 2,
        "lowConfidence": true
      },
      "15": {
        "pct": 0,
        "sims": 4,
        "lowConfidence": true
      },
      "16": {
        "pct": 0,
        "sims": 28,
        "lowConfidence": true
      },
      "17": {
        "pct": 0,
        "sims": 118,
        "lowConfidence": false
      },
      "18": {
        "pct": 0,
        "sims": 368,
        "lowConfidence": false
      },
      "19": {
        "pct": 0,
        "sims": 912,
        "lowConfidence": false
      },
      "20": {
        "pct": 0,
        "sims": 1657,
        "lowConfidence": false
      },
      "21": {
        "pct": 0,
        "sims": 2838,
        "lowConfidence": false
      },
      "22": {
        "pct": 0,
        "sims": 3543,
        "lowConfidence": false
      },
      "23": {
        "pct": 0,
        "sims": 4007,
        "lowConfidence": false
      },
      "24": {
        "pct": 0,
        "sims": 3755,
        "lowConfidence": false
      },
      "25": {
        "pct": 0.001875586120662707,
        "sims": 3199,
        "lowConfidence": false
      },
      "26": {
        "pct": 0.010478359908883827,
        "sims": 2195,
        "lowConfidence": false
      },
      "27": {
        "pct": 0.07352941176470588,
        "sims": 1292,
        "lowConfidence": false
      },
      "28": {
        "pct": 0.2188976377952756,
        "sims": 635,
        "lowConfidence": false
      },
      "29": {
        "pct": 0.4645161290322581,
        "sims": 310,
        "lowConfidence": false
      },
      "30": {
        "pct": 0.7741935483870968,
        "sims": 93,
        "lowConfidence": true
      },
      "31": {
        "pct": 0.9444444444444444,
        "sims": 36,
        "lowConfidence": true
      },
      "32": {
        "pct": 1,
        "sims": 6,
        "lowConfidence": true
      },
      "33": {
        "pct": 1,
        "sims": 2,
        "lowConfidence": true
      }
    },
    "gameProbs": [
      {
        "date": "2026-07-06",
        "opp": "NSH",
        "homeAway": "away",
        "winProb": 0.26339852037604805,
        "leverage": 0.02120001321922172
      },
      {
        "date": "2026-07-07",
        "opp": "NB",
        "homeAway": "home",
        "winProb": 0.45248596576061334,
        "leverage": 0.024765078602446325
      },
      {
        "date": "2026-07-08",
        "opp": "WOR",
        "homeAway": "home",
        "winProb": 0.39993029579856204,
        "leverage": 0.01961651096055591
      },
      {
        "date": "2026-07-09",
        "opp": "NB",
        "homeAway": "home",
        "winProb": 0.45248596576061334,
        "leverage": 0.024137310564646415
      },
      {
        "date": "2026-07-11",
        "opp": "NSH",
        "homeAway": "home",
        "winProb": 0.40400111381617027,
        "leverage": 0.014862883751528475
      },
      {
        "date": "2026-07-12",
        "opp": "NOR",
        "homeAway": "home",
        "winProb": 0.5128979106365554,
        "leverage": 0.018643339672393677
      },
      {
        "date": "2026-07-13",
        "opp": "NOR",
        "homeAway": "away",
        "winProb": 0.431263808659204,
        "leverage": 0.017256223633098033
      },
      {
        "date": "2026-07-14",
        "opp": "WF",
        "homeAway": "home",
        "winProb": 0.5572053689772918,
        "leverage": 0.015796498391634092
      },
      {
        "date": "2026-07-15",
        "opp": "NOR",
        "homeAway": "home",
        "winProb": 0.5128979106365554,
        "leverage": 0.01729721780946241
      },
      {
        "date": "2026-07-17",
        "opp": "NB",
        "homeAway": "away",
        "winProb": 0.3988398940596217,
        "leverage": 0.02220106572266587
      },
      {
        "date": "2026-07-18",
        "opp": "NOR",
        "homeAway": "away",
        "winProb": 0.431263808659204,
        "leverage": 0.019585332082210173
      },
      {
        "date": "2026-07-23",
        "opp": "VT",
        "homeAway": "home",
        "winProb": 0.38934327689699744,
        "leverage": 0.01283410601789308
      },
      {
        "date": "2026-07-24",
        "opp": "NB",
        "homeAway": "away",
        "winProb": 0.3988398940596217,
        "leverage": 0.024066070901924464
      },
      {
        "date": "2026-07-26",
        "opp": "NOR",
        "homeAway": "away",
        "winProb": 0.431263808659204,
        "leverage": 0.017943149518856522
      },
      {
        "date": "2026-07-27",
        "opp": "WOR",
        "homeAway": "home",
        "winProb": 0.39993029579856204,
        "leverage": 0.01943051039616668
      },
      {
        "date": "2026-07-28",
        "opp": "NOR",
        "homeAway": "home",
        "winProb": 0.5128979106365554,
        "leverage": 0.015098708900234459
      },
      {
        "date": "2026-07-29",
        "opp": "NSH",
        "homeAway": "home",
        "winProb": 0.40400111381617027,
        "leverage": 0.015227141234432388
      },
      {
        "date": "2026-07-31",
        "opp": "NB",
        "homeAway": "home",
        "winProb": 0.45248596576061334,
        "leverage": 0.022696016260794497
      },
      {
        "date": "2026-08-01",
        "opp": "WF",
        "homeAway": "home",
        "winProb": 0.5572053689772918,
        "leverage": 0.013625464353297614
      },
      {
        "date": "2026-08-02",
        "opp": "VT",
        "homeAway": "away",
        "winProb": 0.2635744430476681,
        "leverage": 0.01834586553615148
      },
      {
        "date": "2026-08-03",
        "opp": "VT",
        "homeAway": "away",
        "winProb": 0.2635744430476681,
        "leverage": 0.01744412683202184
      },
      {
        "date": "2026-08-04",
        "opp": "VT",
        "homeAway": "away",
        "winProb": 0.2635744430476681,