{
  "asOf": "2026-07-09T04:21:35.188Z",
  "gamesCompleted": 121,
  "nSims": 25000,
  "settings": {
    "hfaGlobal": 0.035,
    "useTeamHFA": true,
    "pythWeight": 0.55,
    "regressPrior": 90,
    "rosterChurn": 0.12,
    "dials": {},
    "forcedOutcomes": {},
    "lowellForce": null
  },
  "teams": {
    "LOW": {
      "playoffPct": 0.1896,
      "titlePct": 0.0496,
      "seedPct": [
        0.00104,
        0.0172,
        0.05456,
        0.1168
      ],
      "expWins": 25.05772,
      "expLosses": 34.94228,
      "winsP10": 20,
      "winsP90": 30
    },
    "NSH": {
      "playoffPct": 0.6794,
      "titlePct": 0.17004,
      "seedPct": [
        0.0242,
        0.16976,
        0.23808,
        0.24736
      ],
      "expWins": 29.9844,
      "expLosses": 30.0156,
      "winsP10": 25,
      "winsP90": 35
    },
    "NB": {
      "playoffPct": 0.798,
      "titlePct": 0.17872,
      "seedPct": [
        0.09452,
        0.28244,
        0.23948,
        0.18156
      ],
      "expWins": 32.16608,
      "expLosses": 27.83392,
      "winsP10": 27,
      "winsP90": 38
    },
    "NOR": {
      "playoffPct": 0.35288,
      "titlePct": 0.08704,
      "seedPct": [
        0.00428,
        0.0548,
        0.115,
        0.1788
      ],
      "expWins": 26.83064,
      "expLosses": 33.16936,
      "winsP10": 22,
      "winsP90": 32
    },
    "VT": {
      "playoffPct": 0.99776,
      "titlePct": 0.27948,
      "seedPct": [
        0.80432,
        0.14648,
        0.03796,
        0.009
      ],
      "expWins": 39.81608,
      "expLosses": 20.18392,
      "winsP10": 35,
      "winsP90": 45
    },
    "WF": {
      "playoffPct": 0.14812,
      "titlePct": 0.03424,
      "seedPct": [
        0.00216,
        0.01512,
        0.04324,
        0.0876
      ],
      "expWins": 23.87928,
      "expLosses": 36.12072,
      "winsP10": 19,
      "winsP90": 29
    },
    "WOR": {
      "playoffPct": 0.83424,
      "titlePct": 0.20088,
      "seedPct": [
        0.06948,
        0.3142,
        0.27168,
        0.17888
      ],
      "expWins": 32.2658,
      "expLosses": 27.7342,
      "winsP10": 27,
      "winsP90": 37
    }
  },
  "lowell": {
    "oddsByFinalWins": {
      "14": {
        "pct": 0,
        "sims": 9,
        "lowConfidence": true
      },
      "15": {
        "pct": 0,
        "sims": 38,
        "lowConfidence": true
      },
      "16": {
        "pct": 0,
        "sims": 127,
        "lowConfidence": false
      },
      "17": {
        "pct": 0,
        "sims": 253,
        "lowConfidence": false
      },
      "18": {
        "pct": 0,
        "sims": 441,
        "lowConfidence": false
      },
      "19": {
        "pct": 0,
        "sims": 689,
        "lowConfidence": false
      },
      "20": {
        "pct": 0,
        "sims": 1162,
        "lowConfidence": false
      },
      "21": {
        "pct": 0,
        "sims": 1553,
        "lowConfidence": false
      },
      "22": {
        "pct": 0,
        "sims": 1981,
        "lowConfidence": false
      },
      "23": {
        "pct": 0.0004432624113475177,
        "sims": 2256,
        "lowConfidence": false
      },
      "24": {
        "pct": 0.001941747572815534,
        "sims": 2575,
        "lowConfidence": false
      },
      "25": {
        "pct": 0.006513409961685823,
        "sims": 2610,
        "lowConfidence": false
      },
      "26": {
        "pct": 0.047527047913446675,
        "sims": 2588,
        "lowConfidence": false
      },
      "27": {
        "pct": 0.14316892186817984,
        "sims": 2291,
        "lowConfidence": false
      },
      "28": {
        "pct": 0.34933605720122574,
        "sims": 1958,
        "lowConfidence": false
      },
      "29": {
        "pct": 0.6030056355666875,
        "sims": 1597,
        "lowConfidence": false
      },
      "30": {
        "pct": 0.822594880847308,
        "sims": 1133,
        "lowConfidence": false
      },
      "31": {
        "pct": 0.941952506596306,
        "sims": 758,
        "lowConfidence": false
      },
      "32": {
        "pct": 0.9830148619957537,
        "sims": 471,
        "lowConfidence": false
      },
      "33": {
        "pct": 1,
        "sims": 282,
        "lowConfidence": false
      },
      "34": {
        "pct": 1,
        "sims": 142,
        "lowConfidence": false
      },
      "35": {
        "pct": 1,
        "sims": 62,
        "lowConfidence": true
      },
      "36": {
        "pct": 1,
        "sims": 22,
        "lowConfidence": true
      },
      "37": {
        "pct": 1,
        "sims": 2,
        "lowConfidence": true
      }
    },
    "gameProbs": [
      {
        "date": "2026-07-09",
        "opp": "NB",
        "homeAway": "home",
        "winProb": 0.5034311584787367,
        "leverage": 0.07404
      },
      {
        "date": "2026-07-09",
        "opp": "NB",
        "homeAway": "home",
        "winProb": 0.5034311584787367,
        "leverage": 0.07192
      },
      {
        "date": "2026-07-11",
        "opp": "NSH",
        "homeAway": "home",
        "winProb": 0.5036743676085316,
        "leverage": 0.06812
      },
      {
        "date": "2026-07-12",
        "opp": "NOR",
        "homeAway": "home",
        "winProb": 0.5359001104833624,
        "leverage": 0.06768
      },
      {
        "date": "2026-07-13",
        "opp": "NOR",
        "homeAway": "away",
        "winProb": 0.45773442836405187,
        "leverage": 0.07088
      },
      {
        "date": "2026-07-14",
        "opp": "WF",
        "homeAway": "home",
        "winProb": 0.5833944017984549,
        "leverage": 0.06248
      },
      {
        "date": "2026-07-15",
        "opp": "NOR",
        "homeAway": "home",
        "winProb": 0.5359001104833624,
        "leverage": 0.06916
      },
      {
        "date": "2026-07-17",
        "opp": "NB",
        "homeAway": "away",
        "winProb": 0.4348870051805076,
        "leverage": 0.07392
      },
      {
        "date": "2026-07-18",
        "opp": "NOR",
        "homeAway": "away",
        "winProb": 0.45773442836405187,
        "leverage": 0.06956
      },
      {
        "date": "2026-07-23",
        "opp": "VT",
        "homeAway": "home",
        "winProb": 0.4656295155638081,
        "leverage": 0.05692
      },
      {
        "date": "2026-07-24",
        "opp": "NB",
        "homeAway": "away",
        "winProb": 0.4348870051805076,
        "leverage": 0.074
      },
      {
        "date": "2026-07-26",
        "opp": "NOR",
        "homeAway": "away",
        "winProb": 0.45773442836405187,
        "leverage": 0.0714
      },
      {
        "date": "2026-07-27",
        "opp": "WOR",
        "homeAway": "home",
        "winProb": 0.49287609784529,
        "leverage": 0.0674
      },
      {
        "date": "2026-07-28",
        "opp": "NOR",
        "homeAway": "home",
        "winProb": 0.5359001104833624,
        "leverage": 0.06952
      },
      {
        "date": "2026-07-29",
        "opp": "NSH",
        "homeAway": "home",
        "winProb": 0.5036743676085316,
        "leverage": 0.06964
      },
      {
        "date": "2026-07-31",
        "opp": "NB",
        "homeAway": "home",
        "winProb": 0.5034311584787367,
        "leverage": 0.07192
      },
      {
        "date": "2026-08-01",
        "opp": "WF",
        "homeAway": "home",
        "winProb": 0.5833944017984549,
        "leverage": 0.06232
      },
      {
        "date": "2026-08-02",
        "opp": "VT",
        "homeAway": "away",
        "winProb": 0.37778430798210294,
        "leverage": 0.0562
      },
      {
        "date": "2026-08-03",
        "opp": "VT",
        "homeAway": "away",
        "winProb": 0.37778430798210294,
        "leverage": 0.05592
      },
      {
        "date": "2026-08-04",
        "opp": "VT",
        "homeAway": "away",
        "winProb": 0.37778430798210294,
        "leverage": 0.05612
      },
      {
        "date": "2026-08-05",
        "opp": "WOR",
        "homeAway": "home",