{
  "asOf": "2026-07-05T12:00:00-04:00",
  "gamesCompleted": 115,
  "nSims": 25000,
  "settings": {
    "hfaGlobal": 0.035,
    "useTeamHFA": true,
    "pythWeight": 0.55,
    "regressPrior": 90,
    "rosterChurn": 0.12,
    "dials": {},
    "forcedOutcomes": {},
    "lowellForce": null
  },
  "teams": {
    "VT": {
      "playoffPct": 0.96936,
      "titlePct": 0.2496,
      "seedPct": [
        0.596,
        0.21692,
        0.10616,
        0.05028
      ],
      "expWins": 36.83032,
      "expLosses": 22.16968,
      "winsP10": 31,
      "winsP90": 42
    },
    "WOR": {
      "playoffPct": 0.82072,
      "titlePct": 0.2022,
      "seedPct": [
        0.15124,
        0.26612,
        0.23224,
        0.17112
      ],
      "expWins": 32.68988,
      "expLosses": 27.310119999999998,
      "winsP10": 27,
      "winsP90": 38
    },
    "NB": {
      "playoffPct": 0.75896,
      "titlePct": 0.16392,
      "seedPct": [
        0.1276,
        0.22936,
        0.21584,
        0.18616
      ],
      "expWins": 31.95616,
      "expLosses": 28.04384,
      "winsP10": 26,
      "winsP90": 37
    },
    "NSH": {
      "playoffPct": 0.68052,
      "titlePct": 0.18688,
      "seedPct": [
        0.09452,
        0.17188,
        0.21024,
        0.20388
      ],
      "expWins": 30.7566,
      "expLosses": 29.2434,
      "winsP10": 25,
      "winsP90": 36
    },
    "NOR": {
      "playoffPct": 0.39936,
      "titlePct": 0.09628,
      "seedPct": [
        0.0208,
        0.0698,
        0.1242,
        0.18456
      ],
      "expWins": 27.20036,
      "expLosses": 31.79964,
      "winsP10": 22,
      "winsP90": 33
    },
    "WF": {
      "playoffPct": 0.18768,
      "titlePct": 0.0504,
      "seedPct": [
        0.00676,
        0.02456,
        0.05724,
        0.09912
      ],
      "expWins": 24.76944,
      "expLosses": 35.23056,
      "winsP10": 19,
      "winsP90": 30
    },
    "LOW": {
      "playoffPct": 0.1834,
      "titlePct": 0.05072,
      "seedPct": [
        0.00308,
        0.02136,
        0.05408,
        0.10488
      ],
      "expWins": 24.79724,
      "expLosses": 35.20276,
      "winsP10": 20,
      "winsP90": 30
    }
  },
  "lowell": {
    "oddsByFinalWins": {
      "13": {
        "pct": 0,
        "sims": 7,
        "lowConfidence": true
      },
      "14": {
        "pct": 0,
        "sims": 37,
        "lowConfidence": true
      },
      "15": {
        "pct": 0,
        "sims": 98,
        "lowConfidence": true
      },
      "16": {
        "pct": 0,
        "sims": 193,
        "lowConfidence": false
      },
      "17": {
        "pct": 0,
        "sims": 360,
        "lowConfidence": false
      },
      "18": {
        "pct": 0,
        "sims": 620,
        "lowConfidence": false
      },
      "19": {
        "pct": 0,
        "sims": 931,
        "lowConfidence": false
      },
      "20": {
        "pct": 0,
        "sims": 1294,
        "lowConfidence": false
      },
      "21": {
        "pct": 0,
        "sims": 1606,
        "lowConfidence": false
      },
      "22": {
        "pct": 0,
        "sims": 2035,
        "lowConfidence": false
      },
      "23": {
        "pct": 0,
        "sims": 2197,
        "lowConfidence": false
      },
      "24": {
        "pct": 0.00039840637450199205,
        "sims": 2510,
        "lowConfidence": false
      },
      "25": {
        "pct": 0.006753904601097509,
        "sims": 2369,
        "lowConfidence": false
      },
      "26": {
        "pct": 0.04714959279897128,
        "sims": 2333,
        "lowConfidence": false
      },
      "27": {
        "pct": 0.11837708830548926,
        "sims": 2095,
        "lowConfidence": false
      },
      "28": {
        "pct": 0.3163751987281399,
        "sims": 1887,
        "lowConfidence": false
      },
      "29": {
        "pct": 0.6051040967092008,
        "sims": 1489,
        "lowConfidence": false
      },
      "30": {
        "pct": 0.8239171374764596,
        "sims": 1062,
        "lowConfidence": false
      },
      "31": {
        "pct": 0.954954954954955,
        "sims": 777,
        "lowConfidence": false
      },
      "32": {
        "pct": 0.9903288201160542,
        "sims": 517,
        "lowConfidence": false
      },
      "33": {
        "pct": 1,
        "sims": 306,
        "lowConfidence": false
      },
      "34": {
        "pct": 1,
        "sims": 165,
        "lowConfidence": false
      },
      "35": {
        "pct": 1,
        "sims": 69,
        "lowConfidence": true
      },
      "36": {
        "pct": 1,
        "sims": 28,
        "lowConfidence": true
      },
      "37": {
        "pct": 1,
        "sims": 9,
        "lowConfidence": true
      },
      "38": {
        "pct": 1,
        "sims": 6,
        "lowConfidence": true
      }
    },
    "gameProbs": [
      {
        "date": "2026-07-06",
        "opp": "NSH",
        "homeAway": "away",
        "winProb": 0.3978370549533419,
        "leverage": 0.16606991688872763
      },
      {
        "date": "2026-07-07",
        "opp": "NB",
        "homeAway": "home",
        "winProb": 0.49893762531446423,
        "leverage": 0.1709745046277727
      },
      {
        "date": "2026-07-08",
        "opp": "WOR",
        "homeAway": "home",
        "winProb": 0.4823884455537736,
        "leverage": 0.14970848420933827
      },
      {
        "date": "2026-07-09",
        "opp": "NB",
        "homeAway": "home",
        "winProb": 0.49893762531446423,
        "leverage": 0.16794019533709556
      },
      {
        "date": "2026-07-11",
        "opp": "NSH",
        "homeAway": "home",
        "winProb": 0.4876560323554879,
        "leverage": 0.16321921956624721
      },
      {
        "date": "2026-07-12",
        "opp": "NOR",
        "homeAway": "home",
        "winProb": 0.5235454765374182,
        "leverage": 0.1626105740615315
      },
      {
        "date": "2026-07-13",
        "opp": "NOR",
        "homeAway": "away",
        "winProb": 0.45006716544423275,
        "leverage": 0.16692673594428376
      },
      {
        "date": "2026-07-14",
        "opp": "WF",
        "homeAway": "home",
        "winProb": 0.5389198454431593,
        "leverage": 0.14941374185811945
      },
      {
        "date": "2026-07-15",
        "opp": "NOR",
        "homeAway": "home",
        "winProb": 0.5235454765374182,
        "leverage": 0.17368183909511362
      },
      {
        "date": "2026-07-17",
        "opp": "NB",
        "homeAway": "away",
        "winProb": 0.43321503345448686,
        "leverage": 0.171856098928576
      },
      {
        "date": "2026-07-18",
        "opp": "NOR",
        "homeAway": "away",
        "winProb": 0.45006716544423275,
        "leverage": 0.17162897471505206
      },
      {
        "date": "2026-07-23",
        "opp": "VT",
        "homeAway": "home",
        "winProb": 0.47269783649310976,
        "leverage": 0.1304449002035727
      },
      {
        "date": "2026-07-24",
        "opp": "NB",
        "homeAway": "away",
        "winProb": 0.43321503345448686,
        "leverage": 0.1787852523221878
      },
      {
        "date": "2026-07-26",
        "opp": "NOR",
        "homeAway": "away",
        "winProb": 0.45006716544423275,
        "leverage": 0.1741135654977548
      },
      {
        "date": "2026-07-27",
        "opp": "WOR",
        "homeAway": "home",
        "winProb": 0.4823884455537736,
        "leverage": 0.1483687611988535
      },
      {
        "date": "2026-07-28",
        "opp": "NOR",
        "homeAway": "home",
        "winProb": 0.5235454765374182,
        "leverage": 0.16239971213731086
      },
      {
        "date": "2026-07-29",
        "opp": "NSH",
        "homeAway": "home",
        "winProb": 0.4876560323554879,
        "leverage": 0.16535308117817912
      },
      {
        "date": "2026-07-31",
        "opp": "NB",
        "homeAway": "home",
        "winProb": 0.49893762531446423,