{
  "asOf": "2026-07-14T01:58:04.349Z",
  "gamesCompleted": 137,
  "nSims": 25000,
  "settings": {
    "hfaGlobal": 0.035,
    "useTeamHFA": true,
    "pythWeight": 0.55,
    "regressPrior": 90,
    "rosterChurn": 0.12,
    "dials": {},
    "forcedOutcomes": {},
    "lowellForce": null
  },
  "teams": {
    "LOW": {
      "playoffPct": 0.19388,
      "titlePct": 0.05048,
      "seedPct": [
        0.0004,
        0.0124,
        0.05136,
        0.12972
      ],
      "expWins": 25.55772,
      "expLosses": 34.44228,
      "winsP10": 22,
      "winsP90": 29
    },
    "NSH": {
      "playoffPct": 0.74448,
      "titlePct": 0.1834,
      "seedPct": [
        0.016,
        0.20672,
        0.30664,
        0.21512
      ],
      "expWins": 30.37308,
      "expLosses": 29.62692,
      "winsP10": 26,
      "winsP90": 35
    },
    "NB": {
      "playoffPct": 0.91164,
      "titlePct": 0.19476,
      "seedPct": [
        0.0932,
        0.48564,
        0.2166,
        0.1162
      ],
      "expWins": 33.49704,
      "expLosses": 26.50296,
      "winsP10": 29,
      "winsP90": 38
    },
    "NOR": {
      "playoffPct": 0.40924,
      "titlePct": 0.09572,
      "seedPct": [
        0.00176,
        0.05832,
        0.14676,
        0.2024
      ],
      "expWins": 27.43808,
      "expLosses": 32.56192,
      "winsP10": 23,
      "winsP90": 32
    },
    "VT": {
      "playoffPct": 0.99964,
      "titlePct": 0.30248,
      "seedPct": [
        0.88252,
        0.10416,
        0.0112,
        0.00176
      ],
      "expWins": 40.50516,
      "expLosses": 19.494840000000003,
      "winsP10": 36,
      "winsP90": 45
    },
    "WF": {
      "playoffPct": 0.12648,
      "titlePct": 0.03088,
      "seedPct": [
        0.00004,
        0.01032,
        0.0388,
        0.07732
      ],
      "expWins": 23.53884,
      "expLosses": 36.46116,
      "winsP10": 19,
      "winsP90": 28
    },
    "WOR": {
      "playoffPct": 0.61464,
      "titlePct": 0.14228,
      "seedPct": [
        0.00608,
        0.12244,
        0.22864,
        0.25748
      ],
      "expWins": 29.09008,
      "expLosses": 30.90992,
      "winsP10": 25,
      "winsP90": 33
    }
  },
  "lowell": {
    "oddsByFinalWins": {
      "17": {
        "pct": 0,
        "sims": 23,
        "lowConfidence": true
      },
      "18": {
        "pct": 0,
        "sims": 91,
        "lowConfidence": true
      },
      "19": {
        "pct": 0,
        "sims": 296,
        "lowConfidence": false
      },
      "20": {
        "pct": 0,
        "sims": 604,
        "lowConfidence": false
      },
      "21": {
        "pct": 0,
        "sims": 1181,
        "lowConfidence": false
      },
      "22": {
        "pct": 0,
        "sims": 1779,
        "lowConfidence": false
      },
      "23": {
        "pct": 0,
        "sims": 2438,
        "lowConfidence": false
      },
      "24": {
        "pct": 0,
        "sims": 2867,
        "lowConfidence": false
      },
      "25": {
        "pct": 0.0070967741935483875,
        "sims": 3100,
        "lowConfidence": false
      },
      "26": {
        "pct": 0.04130643611911623,
        "sims": 3123,
        "lowConfidence": false
      },
      "27": {
        "pct": 0.15543328748280605,
        "sims": 2908,
        "lowConfidence": false
      },
      "28": {
        "pct": 0.36844229217110575,
        "sims": 2478,
        "lowConfidence": false
      },
      "29": {
        "pct": 0.6396713615023474,
        "sims": 1704,
        "lowConfidence": false
      },
      "30": {
        "pct": 0.8793103448275862,
        "sims": 1160,
        "lowConfidence": false
      },
      "31": {
        "pct": 0.9618208516886931,
        "sims": 681,
        "lowConfidence": false
      },
      "32": {
        "pct": 0.9970501474926253,
        "sims": 339,
        "lowConfidence": false
      },
      "33": {
        "pct": 1,
        "sims": 151,
        "lowConfidence": false
      },
      "34": {
        "pct": 1,
        "sims": 62,
        "lowConfidence": true
      },
      "35": {
        "pct": 1,
        "sims": 15,
        "lowConfidence": true
      }
    },
    "gameProbs": [
      {
        "date": "2026-07-14",
        "opp": "WF",
        "homeAway": "home",
        "winProb": 0.58308539707418,
        "leverage": 0.07676
      },
      {
        "date": "2026-07-15",
        "opp": "NOR",
        "homeAway": "home",
        "winProb": 0.5361701699585004,
        "leverage": 0.08632
      },
      {
        "date": "2026-07-17",
        "opp": "NB",
        "homeAway": "away",
        "winProb": 0.42546230771140947,
        "leverage": 0.07928
      },
      {
        "date": "2026-07-18",
        "opp": "NOR",
        "homeAway": "away",
        "winProb": 0.4573131357845174,
        "leverage": 0.08764
      },
      {
        "date": "2026-07-23",
        "opp": "VT",
        "homeAway": "home",
        "winProb": 0.4615632436433962,
        "leverage": 0.07
      },
      {
        "date": "2026-07-24",
        "opp": "NB",
        "homeAway": "away",
        "winProb": 0.42546230771140947,
        "leverage": 0.08064
      },
      {
        "date": "2026-07-26",
        "opp": "NOR",
        "homeAway": "away",
        "winProb": 0.4573131357845174,
        "leverage": 0.08976
      },
      {
        "date": "2026-07-27",
        "opp": "WOR",
        "homeAway": "home",
        "winProb": 0.5151015317640422,
        "leverage": 0.10156
      },
      {
        "date": "2026-07-28",
        "opp": "NOR",
        "homeAway": "home",
        "winProb": 0.5361701699585004,
        "leverage": 0.08744
      },
      {
        "date": "2026-07-29",
        "opp": "NSH",
        "homeAway": "home",
        "winProb": 0.5018369209795501,
        "leverage": 0.07976
      },
      {
        "date": "2026-07-31",
        "opp": "NB",
        "homeAway": "home",
        "winProb": 0.49582271653335663,
        "leverage": 0.07804
      },
      {
        "date": "2026-08-01",
        "opp": "WF",
        "homeAway": "home",
        "winProb": 0.58308539707418,
        "leverage": 0.07804
      },
      {
        "date": "2026-08-02",
        "opp": "VT",
        "homeAway": "away",
        "winProb": 0.37077298814725845,
        "leverage": 0.06964
      },
      {
        "date": "2026-08-03",
        "opp": "VT",
        "homeAway": "away",
        "winProb": 0.37077298814725845,
        "leverage": 0.07008
      },
      {
        "date": "2026-08-04",
        "opp": "VT",
        "homeAway": "away",
        "winProb": 0.37077298814725845,
        "leverage": 0.069
      },
      {
        "date": "2026-08-05",
        "opp": "WOR",
        "homeAway": "home",
        "winProb": 0.5151015317640422,
        "leverage": 0.09988
      },
      {
        "date": "2026-08-07",
        "opp": "NB",
        "homeAway": "home",
        "winProb": 0.49582271653335663,
        "leverage": 0.0776
      },
      {
        "date": "2026-08-08",
        "opp": "WOR",
        "homeAway": "away",
        "winProb": 0.43355072962500474,
        "leverage": 0.10368
      }
    ]
  }
}
