{
  "asOf": "2026-07-08",
  "teams": {
    "LOW": {
      "rqi": 0.476,
      "rosterShift": -0.007,
      "dHit": -0.22,
      "dPitch": -0.04,
      "activePAShare": 0.88,
      "activeIPShare": 0.95,
      "hitters": 15,
      "pitchers": 13
    },
    "NSH": {
      "rqi": 0.524,
      "rosterShift": 0.001,
      "dHit": 0.25,
      "dPitch": 0.02,
      "activePAShare": 0.97,
      "activeIPShare": 0.82,
      "hitters": 14,
      "pitchers": 15
    },
    "NB": {
      "rqi": 0.518,
      "rosterShift": 0.009,
      "dHit": 0.1,
      "dPitch": 0.1,
      "activePAShare": 0.83,
      "activeIPShare": 0.89,
      "hitters": 16,
      "pitchers": 17
    },
    "NOR": {
      "rqi": 0.505,
      "rosterShift": 0.01,
      "dHit": -0.01,
      "dPitch": 0.07,
      "activePAShare": 0.88,
      "activeIPShare": 0.85,
      "hitters": 16,
      "pitchers": 18
    },
    "VT": {
      "rqi": 0.56,
      "rosterShift": 0.001,
      "dHit": 0.6,
      "dPitch": 0.07,
      "activePAShare": 0.92,
      "activeIPShare": 0.74,
      "hitters": 13,
      "pitchers": 14
    },
    "WF": {
      "rqi": 0.433,
      "rosterShift": -0.023,
      "dHit": -0.67,
      "dPitch": -0.07,
      "activePAShare": 0.77,
      "activeIPShare": 0.84,
      "hitters": 13,
      "pitchers": 13
    },
    "WOR": {
      "rqi": 0.547,
      "rosterShift": 0.005,
      "dHit": 0.45,
      "dPitch": 0.07,
      "activePAShare": 0.61,
      "activeIPShare": 0.66,
      "hitters": 12,
      "pitchers": 10
    }
  },
  "league": {
    "woba": 0.3233053055423969,
    "fipCore": 0.22112885258076487
  },
  "tierCalibration": {
    "hitting": {
      "0": 0.3233053055423969,
      "1": 0.3254880756739265,
      "2": 0.31945404758728685,
      "3": 0.32655367012748604,
      "4": 0.32771224546392747
    },
    "pitching": {
      "0": 0.22112885258076487,
      "1": -0.0481025887460872,
      "2": 0.3450816275190557,
      "3": 0.1350585693548931,
      "4": 0.24960392837760081
    }
  },
  "matchRate": 1,
  "counts": {
    "hitters": 125,
    "pitchers": 125,
    "roster": 386,
    "backgrounds": 22,
    "playersWithBackground": 228
  }
}
